Workbook

Sheet Total Cost Summary
A1: Total pipeline cost per image: STT + Moderation + Image Generation
A2: One voice-to-image interaction = 1 STT call (~6 s utterance) + 1 moderation check (~150 in / 20 out tokens) + 1 image. Prices verified July 2026.
A3: USD→INR rate (2026-07-08): | B3: 95.61
A4: 1. IMAGE GENERATION
A5: Provider / Model | B5: Cost per image | C5: ₹ / image | D5: Note
A6: Runware — FLUX.2 klein 4B | B6: 0.0006 | C6: =B6*$B$3 | D6: Cheapest; primary candidate
A7: DeepInfra — FLUX schnell | B7: 0.002 | C7: =B7*$B$3 | D7: Fast cost-floor backup
A8: fal.ai — FLUX.1 schnell | B8: 0.003 | C8: =B8*$B$3 | D8: Best latency + built-in safety checker
A9: Together AI — FLUX schnell | B9: 0.003 | C9: =B9*$B$3 | D9: Confirm availability
A10: Replicate — FLUX schnell | B10: 0.003 | C10: =B10*$B$3 | D10: Most variable latency
A11: Google Imagen 4 Fast (Vertex) | B11: 0.02 | C11: =B11*$B$3 | D11: Best safety controls + GCP SLA
A13: 2. SPEECH-TO-TEXT
A14: Provider / Model | B14: $ per hour | C14: ₹ per hour | D14: Billed sec/utterance | E14: Cost per utterance | F14: ₹ / utterance
A15: Groq — Whisper large-v3-turbo | B15: 0.04 | C15: =B15*$B$3 | D15: 10 | E15: =B15*D15/3600 | F15: =E15*$B$3 | G15: 10 s billing minimum
A16: Groq — Whisper large-v3 (current) | B16: 0.111 | C16: =B16*$B$3 | D16: 10 | E16: =B16*D16/3600 | F16: =E16*$B$3 | G16: 10 s billing minimum
A17: Deepgram — Nova-3 English | B17: 0.258 | C17: =B17*$B$3 | D17: 6 | E17: =B17*D17/3600 | F17: =E17*$B$3 | G17: Per-second billing
A18: Deepgram — Nova-3 multilingual | B18: 0.312 | C18: =B18*$B$3 | D18: 6 | E18: =B18*D18/3600 | F18: =E18*$B$3 | G18: Per-second billing
A19: Sarvam — Saarika | B19: 0.36 | C19: =B19*$B$3 | D19: 60 | E19: =B19*D19/3600 | F19: =E19*$B$3 | G19: Billed per audio minute
A20: OpenAI — gpt-4o-mini-transcribe | B20: 0.18 | C20: =B20*$B$3 | D20: 6 | E20: =B20*D20/3600 | F20: =E20*$B$3
A22: 3. MODERATION
A23: Provider / Model | B23: Input $/1M | C23: Input ₹/1M | D23: Output $/1M | E23: Output ₹/1M | F23: Cost per check | G23: ₹ / check
A24: Groq — llama-3.1-8b-instant (current) | B24: 0.05 | C24: =B24*$B$3 | D24: 0.08 | E24: =D24*$B$3 | F24: =(B24*150+D24*20)/1000000 | G24: =F24*$B$3 | H24: Fastest; shared key
A25: OpenAI — omni-moderation-latest | B25: 0 | C25: =B25*$B$3 | D25: 0 | E25: =D25*$B$3 | F25: =(B25*150+D25*20)/1000000 | G25: =F25*$B$3 | H25: FREE classifier (NSFW categories only)
A26: OpenAI — gpt-4o-mini | B26: 0.15 | C26: =B26*$B$3 | D26: 0.6 | E26: =D26*$B$3 | F26: =(B26*150+D26*20)/1000000 | G26: =F26*$B$3 | H26: Slower + 4x cost of Groq
A27: OpenRouter — Gemma 3 4B | B27: 0.05 | C27: =B27*$B$3 | D27: 0.1 | E27: =D27*$B$3 | F27: =(B27*150+D27*20)/1000000 | G27: =F27*$B$3 | H27: Same price as Groq, extra hop
A30: TOTAL COST (STT + Moderation + Image)
A31: Scenario | B31: Stack | C31: 1 image | D31: 1 image (₹) | E31: 3,000 images (1 day) | F31: 1 day (₹) | G31: Per month (30 d) | H31: Per month (₹)
A32: MINIMUM | B32: Groq turbo STT + free OpenAI moderation + Runware klein 4B | C32: =MIN(E15:E20)+MIN(F24:F27)+MIN(B6:B11) | D32: =C32*$B$3 | E32: =C32*3000 | F32: =E32*$B$3 | G32: =E32*30 | H32: =G32*$B$3
A33: RECOMMENDED | B33: Groq turbo STT + Groq 8B moderation + Runware klein 4B (fal.ai fallback) | C33: =E15+F24+B6 | D33: =C33*$B$3 | E33: =C33*3000 | F33: =E33*$B$3 | G33: =E33*30 | H33: =G33*$B$3
A34: MAXIMUM | B34: Sarvam STT + gpt-4o-mini moderation + Google Imagen 4 Fast | C34: =MAX(E15:E20)+MAX(F24:F27)+MAX(B6:B11) | D34: =C34*$B$3 | E34: =C34*3000 | F34: =E34*$B$3 | G34: =E34*30 | H34: =G34*$B$3
A35: SARVAM STACK | B35: Sarvam STT + free OpenAI moderation + Runware klein 4B | C35: =E19+F25+B6 | D35: =C35*$B$3 | E35: =C35*3000 | F35: =E35*$B$3 | G35: =E35*30 | H35: =G35*$B$3
A36: DEEPGRAM STACK | B36: Deepgram Nova-3 EN + free OpenAI moderation + Runware klein 4B | C36: =E17+F25+B6 | D36: =C36*$B$3 | E36: =C36*3000 | F36: =E36*$B$3 | G36: =E36*30 | H36: =G36*$B$3
A38: Even the MAXIMUM stack is dominated by image generation; STT and moderation are rounding errors. Blue cells are inputs — edit to re-scenario.

Sheet Provider Comparison
A1: Image Generation Provider Comparison — line_art / AI Imagine (Cheeko toy)
A2: Verified July 2026 (deep research + Runware live pricing pages). Volume assumption: 3,000 images/day at <=1MP (320x240 LCD / 384px line art).
A4: Rank | B4: Provider / Model | C4: Latency (median) | D4: Price / image (USD) | E4: Price / image (₹) | F4: Cost / day @ 3k img | G4: Cost / day (₹) | H4: Cost / month | I4: Cost / month (₹) | J4: Safety filters | K4: Reliability / SLA | L4: Verdict
A5: Current -> Fallback | B5: HuggingFace Inference API — FLUX.1 schnell | C5: Variable, queue-based | D5: Free tier (throttled) | E5: N/A | F5: N/A | G5: N/A | H5: N/A | I5: N/A | J5: None | K5: No SLA, rate limits, cold starts | L5: Keep as last-resort fallback — already implemented, free; fine when primary is down
A6: 1 - Primary candidate | B6: Runware — FLUX.2 klein 4B | C6: 2.4–3.8 s (schnell-class benchmark) | D6: 0.0006 | E6: =D6*'Total Cost Summary'!$B$3 | F6: =D6*$B$13 | G6: =F6*'Total Cost Summary'!$B$3 | H6: =F6*30 | I6: =H6*'Total Cost Summary'!$B$3 | J6: Unverified — assume none; Groq moderation layer carries it | K6: No published SLA — needs trial week | L6: Cheapest + newest model; A/B test before production
A7: 2 - Safe primary | B7: fal.ai — FLUX.1 schnell (or klein) | C7: 1.3–1.4 s | D7: 0.003 | E7: =D7*'Total Cost Summary'!$B$3 | F7: =D7*$B$13 | G7: =F7*'Total Cost Summary'!$B$3 | H7: =F7*30 | I7: =H7*'Total Cost Summary'!$B$3 | J7: Safety checker ON by default + per-image NSFW flags | K7: Latency leader, good reputation; SLA unverified | L7: Best latency + built-in safety; 5x Runware price
A8: 3 - Fallback | B8: Google Imagen 4 Fast (Vertex AI) | C8: 3–6 s | D8: 0.02 | E8: =D8*'Total Cost Summary'!$B$3 | F8: =D8*$B$13 | G8: =F8*'Total Cost Summary'!$B$3 | H8: =F8*30 | I8: =H8*'Total Cost Summary'!$B$3 | J8: Strongest: tunable thresholds + personGeneration=dont_allow (no faces) | K8: Contractual GCP SLA (only one) | L8: Reliability / safety fallback tier
A9: 4 | B9: DeepInfra — FLUX schnell / klein | C9: 0.6–0.7 s | D9: 0.002 | E9: =D9*'Total Cost Summary'!$B$3 | F9: =D9*$B$13 | G9: =F9*'Total Cost Summary'!$B$3 | H9: =F9*30 | I9: =H9*'Total Cost Summary'!$B$3 | J9: Basic, not child-focused | K9: Decent reputation, no SLA | L9: Fast + cheap backup
A10: 5 | B10: Together AI — FLUX schnell | C10: 1.6–2.2 s | D10: 0.003 | E10: =D10*'Total Cost Summary'!$B$3 | F10: =D10*$B$13 | G10: =F10*'Total Cost Summary'!$B$3 | H10: =F10*30 | I10: =H10*'Total Cost Summary'!$B$3 | J10: Basic NSFW | K10: Established; schnell availability needs re-confirming | L10: Fine but no edge
A11: 6 | B11: Replicate — FLUX schnell | C11: 2.6–6.9 s (most variable) | D11: 0.003 | E11: =D11*'Total Cost Summary'!$B$3 | F11: =D11*$B$13 | G11: =F11*'Total Cost Summary'!$B$3 | H11: =F11*30 | I11: =H11*'Total Cost Summary'!$B$3 | J11: Basic | K11: Adds 2–3 s queue latency per request | L11: Weakest latency consistency — last pick
A13: Images per day: | B13: 3000
A15: Notes:
A16: - Recommended architecture: Runware klein 4B primary (after trial A/B) -> HuggingFace (existing code) as last-resort fallback -> fallback.jpg if both fail.
A17: - Groq LLM moderation layer stays MANDATORY on every provider — no provider filter is child-appropriateness grade.
A18: - On Runware, FLUX.2 klein 4B strictly dominates schnell: 2.2x cheaper at 1024x1024, newer, better prompt adherence.
A19: - Excluded: OpenAI gpt-image (up to 2 min generations, blows 90 s gateway timeout; ToS restricts under-13 products), Prodia (unvetted), Stability (pricing unverified).
A20: - Latency = Artificial Analysis 14-day rolling medians (API generation time, not end-to-end). Pricing verified against live vendor pages 2026-07-08.

Sheet Runware FLUX Pricing
A1: Runware FLUX model pricing (from live pricing page, 2026-07-08)
A3: Model | B3: Config | C3: Price / image (USD) | D3: Price / image (₹) | E3: Runs per $1 | F3: Note
A4: FLUX.1 [schnell] | B4: 512x512, 4 steps | C4: 0.0006 | D4: =C4*'Total Cost Summary'!$B$3 | E4: =1/C4 | F4: Matches our size class
A5: FLUX.1 [schnell] | B5: 1024x1024, 4 steps | C5: 0.0013 | D5: =C5*'Total Cost Summary'!$B$3 | E5: =1/C5 | F5: Bigger than we need
A6: FLUX.2 [klein] 4B (distilled) | B6: 1024x1024 | C6: 0.0006 | D6: =C6*'Total Cost Summary'!$B$3 | E6: =1/C6 | F6: RECOMMENDED — successor to schnell, same floor price
A7: FLUX.2 [klein] 9B | B7: default | C7: 0.00078 | D7: =C7*'Total Cost Summary'!$B$3 | E7: =1/C7 | F7: Slightly better quality, +30% cost
A8: FLUX.2 [klein] 9B KV | B8: default | C8: 0.00169 | D8: =C8*'Total Cost Summary'!$B$3 | E8: =1/C8 | F8: KV variant
A9: FLUX.2 [klein] 4B Base (undistilled) | B9: 1024x1024 | C9: 0.0019 | D9: =C9*'Total Cost Summary'!$B$3 | E9: =1/C9 | F9: Skip — slower, pricier
A10: FLUX.2 [klein] 9B Base (undistilled) | B10: 1024x1024 | C10: 0.00416 | D10: =C10*'Total Cost Summary'!$B$3 | E10: =1/C10 | F10: Skip
A12: Sources: runware.ai/pricing, runware.ai/models/bfl-flux-2-klein-4b (and 9b variants), user-verified screenshots 2026-07-08

Sheet STT Pricing
A1: STT Provider Pricing Comparison (verified July 2026)
A2: Workload: 3,000 utterances/day x ~6 s average = ~5 hrs audio/day. Batch/pre-recorded (line_art sends whole WAVs).
A4: Provider / Model | B4: Price / hr audio (USD) | C4: ₹ / hr audio | D4: Billing granularity | E4: Billed hrs/day (our workload) | F4: Cost / day | G4: Cost / day (₹) | H4: Cost / month | I4: Cost / month (₹) | J4: Notes for us
A5: Groq — Whisper large-v3-turbo (RECOMMENDED last-resort) | B5: 0.04 | C5: =B5*'Total Cost Summary'!$B$3 | D5: 10-second MINIMUM per request | E5: 8.33 | F5: =B5*E5 | G5: =F5*'Total Cost Summary'!$B$3 | H5: =F5*30 | I5: =H5*'Total Cost Summary'!$B$3 | J5: Cheapest overall; 228x real-time. Kid clips are 3-8 s so the 10 s minimum bills ~2x actual audio. One-line GROQ_MODEL change from current.
A6: Groq — Whisper large-v3 (current GROQ_MODEL) | B6: 0.111 | C6: =B6*'Total Cost Summary'!$B$3 | D6: 10-second minimum per request | E6: 8.33 | F6: =B6*E6 | G6: =F6*'Total Cost Summary'!$B$3 | H6: =F6*30 | I6: =H6*'Total Cost Summary'!$B$3 | J6: 2.8x turbo price for marginal quality gain on short clear utterances — switch to turbo.
A7: Deepgram — Nova-3 English | B7: 0.258 | C7: =B7*'Total Cost Summary'!$B$3 | D7: Per-second | E7: 5 | F7: =B7*E7 | G7: =F7*'Total Cost Summary'!$B$3 | H7: =F7*30 | I7: =H7*'Total Cost Summary'!$B$3 | J7: Per-second billing suits short clips; $200 free credit; best streaming story.
A8: Deepgram — Nova-3 multilingual | B8: 0.312 | C8: =B8*'Total Cost Summary'!$B$3 | D8: Per-second | E8: 5 | F8: =B8*E8 | G8: =F8*'Total Cost Summary'!$B$3 | H8: =F8*30 | I8: =H8*'Total Cost Summary'!$B$3 | J8: For Hindi+English code-switching kids.
A9: Sarvam — Saarika (active provider for India) | B9: 0.36 | C9: =B9*'Total Cost Summary'!$B$3 | D9: Per audio minute | E9: 5 | F9: =B9*E9 | G9: =F9*'Total Cost Summary'!$B$3 | H9: =F9*30 | I9: =H9*'Total Cost Summary'!$B$3 | J9: Best Indian-language accuracy — earns its slot on accuracy, not price. Rs.30/hr.
A10: ElevenLabs Scribe | B10: 0.22 | C10: =B10*'Total Cost Summary'!$B$3 | D10: — | E10: 5 | F10: =B10*E10 | G10: =F10*'Total Cost Summary'!$B$3 | H10: =F10*30 | I10: =H10*'Total Cost Summary'!$B$3 | J10: Strong accuracy, newer entrant.
A11: OpenAI gpt-4o-mini-transcribe | B11: 0.18 | C11: =B11*'Total Cost Summary'!$B$3 | D11: — | E11: 5 | F11: =B11*E11 | G11: =F11*'Total Cost Summary'!$B$3 | H11: =F11*30 | I11: =H11*'Total Cost Summary'!$B$3 | J11: Fine, but no edge over Groq/Deepgram.
A12: AssemblyAI | B12: 0.37 | C12: =B12*'Total Cost Summary'!$B$3 | D12: — | E12: 5 | F12: =B12*E12 | G12: =F12*'Total Cost Summary'!$B$3 | H12: =F12*30 | I12: =H12*'Total Cost Summary'!$B$3 | J12: Feature-rich (diarization etc.) — features we do not need.
A14: Takeaways:
A15: - STT cost is a rounding error ($0.33-$1.85/day) — image gen dominates the bill. Pick STT on accuracy + latency, not price.
A16: - One real optimization: switch GROQ_MODEL from whisper-large-v3 to whisper-large-v3-turbo (2.8x cheaper, faster, near-identical on short utterances).
A17: - Groq's 10 s billing minimum doubles effective cost on 3-6 s kid clips; Deepgram bills per second, so it is ~2.5x Groq turbo at our clip lengths, not 6x.
A18: - Keep the manager-api switching architecture: Sarvam active for Indian users (accuracy), Groq turbo as last-resort fallback.
A19: - Sources: groq.com/pricing, deepgram.com/pricing, docs.sarvam.ai/api-reference-docs/pricing, elevenlabs.io/pricing/api, assemblyai.com/pricing.

Sheet Moderation Pricing
A1: Moderation (child-safety prompt check) — lite model comparison (verified July 2026)
A2: Workload: 3,000 checks/day, ~150 input + ~20 output tokens per check. Current: Groq llama-3.1-8b-instant in app/moderation.py.
A4: Provider / Model | B4: Input $/1M tok | C4: Input ₹/1M | D4: Output $/1M tok | E4: Output ₹/1M | F4: Cost / day | G4: Cost / day (₹) | H4: Cost / month | I4: Cost / month (₹) | J4: Type | K4: Notes for us
A5: Groq — llama-3.1-8b-instant (CURRENT) | B5: 0.05 | C5: =B5*'Total Cost Summary'!$B$3 | D5: 0.08 | E5: =D5*'Total Cost Summary'!$B$3 | F5: =(B5*150+D5*20)*3000/1000000 | G5: =F5*'Total Cost Summary'!$B$3 | H5: =F5*30 | I5: =H5*'Total Cost Summary'!$B$3 | J5: LLM judge | K5: Keep. Fastest inference, shares the GROQ_API_KEY already used for STT fallback, custom child-appropriateness prompt (multilingual). Near-free.
A6: OpenAI — omni-moderation-latest | B6: 0 | C6: =B6*'Total Cost Summary'!$B$3 | D6: 0 | E6: =D6*'Total Cost Summary'!$B$3 | F6: =(B6*150+D6*20)*3000/1000000 | G6: =F6*'Total Cost Summary'!$B$3 | H6: =F6*30 | I6: =H6*'Total Cost Summary'!$B$3 | J6: Classifier (FREE) | K6: FREE dedicated moderation endpoint. Fixed categories (sexual/violence/self-harm...) — NOT child-appropriateness. Good as an extra zero-cost layer, not a replacement.
A7: OpenAI — gpt-4o-mini | B7: 0.15 | C7: =B7*'Total Cost Summary'!$B$3 | D7: 0.6 | E7: =D7*'Total Cost Summary'!$B$3 | F7: =(B7*150+D7*20)*3000/1000000 | G7: =F7*'Total Cost Summary'!$B$3 | H7: =F7*30 | I7: =H7*'Total Cost Summary'!$B$3 | J7: LLM judge | K7: Works fine, ~4x current cost (still pennies). Only worth it if you already hold an OpenAI key. ToS restricts under-13-directed products — review before use.
A8: OpenRouter — Gemma 3 4B | B8: 0.05 | C8: =B8*'Total Cost Summary'!$B$3 | D8: 0.1 | E8: =D8*'Total Cost Summary'!$B$3 | F8: =(B8*150+D8*20)*3000/1000000 | G8: =F8*'Total Cost Summary'!$B$3 | H8: =F8*30 | I8: =H8*'Total Cost Summary'!$B$3 | J8: LLM judge | K8: Same price class as current. Adds an extra vendor + routing hop for no gain.
A9: OpenRouter — Gemma 4 31B :free | B9: 0 | C9: =B9*'Total Cost Summary'!$B$3 | D9: 0 | E9: =D9*'Total Cost Summary'!$B$3 | F9: =(B9*150+D9*20)*3000/1000000 | G9: =F9*'Total Cost Summary'!$B$3 | H9: =F9*30 | I9: =H9*'Total Cost Summary'!$B$3 | J9: LLM judge (free tier) | K9: Genuinely $0 but free-tier: rate limits, no SLA, provider may log/train on data — NOT for a production kids product. Dev/testing only.
A10: Groq — Llama Guard 4 12B | B10: not published | D10: not published | J10: Safety classifier | K10: Purpose-built safety classifier, same Groq key. Pricing not published on the pages checked — verify in Groq console. Fixed taxonomy, so pair with (not replace) the custom prompt.
A12: Recommendation:
A13: - KEEP Groq llama-3.1-8b-instant as the primary judge — $0.03/day is unbeatable-enough, one API key, fastest latency, and the custom prompt is child-appropriateness-aware.
A14: - OPTIONALLY add OpenAI omni-moderation-latest as a second free layer (classifier catches categories the LLM prompt might miss); it costs $0 and one extra HTTP call.
A15: - Do NOT use OpenRouter :free tiers in production for a kids product (rate limits, no SLA, data-use policy).
A16: - Moderation is the cheapest stage of the whole pipeline (<$1/month on every paid option) — optimize for catch-rate and latency, never price.
A17: - Sources: developers.openai.com/api/docs/pricing, platform.openai.com/docs/models/omni-moderation-latest, openrouter.ai/google/gemma-3-4b-it, openrouter.ai/google/gemma-4-31b-it:free, groq.com/pricing.
